FlowDuration,TotLenFwdPkts,FwdPktLenMean,BwdPktLenMean,FlowIATMean,PktLenVar,Label
122958,900,354.1992769119131,0.8960891840875895,56657.53621714186,1687474.6528134486,Benign
147867,286,543.2317065599779,444.9453880318056,39104.276305817446,507949.7491440494,Benign
132932,1139,708.5432310917962,605.3086430279477,50115.29991820097,62231.199834715364,DDoS
104694,193,1198.6036490787974,206.95066455832637,39717.877742921104,1478589.4703295464,Benign
120879,1498,168.64829312919423,154.50629166983444,53973.261875994285,212687.4525115492,DDoS
111268,1036,1137.9175971005436,67.27857957438772,62795.00527726358,629839.1772259353,DDoS
55886,1149,125.1322106319167,261.1468612026344,67430.38064090484,7634.268248694287,Benign
138337,736,1187.1239476525452,447.8754498470636,53248.11925594262,1363338.96480324,DDoS
169266,1348,119.70789513059233,92.67508542420613,72142.20673287316,334264.0229424425,Benign
88498,1283,74.62734992828742,301.35628958943903,14127.80492755058,1310564.8193833164,Benign
113727,1132,990.897974194669,7.257923722179971,21198.249090223853,1983485.2343356777,Benign
127324,1110,1396.2949719373323,654.9435363998734,81873.50040742701,145341.74322003257,Benign
176203,1048,1260.423855014928,102.75897447455309,32252.79778464152,154156.02390292138,DDoS
192335,133,827.597864037641,226.67435861246528,2289.3824976120245,680760.1853333499,DDoS
17023,997,1288.4840776654678,14.742174990573975,15379.114966803108,1732773.028502684,DDoS
42090,1051,57.15500863676731,345.79262711400986,22361.443449631126,431059.7375826637,Benign
68221,492,1366.3406699759423,672.097202192975,95732.28878945872,720755.6398606951,Benign
65820,1267,712.510851999359,313.72096915615725,57304.14289308493,137010.81325395915,DDoS
1769,951,1025.9097304393972,143.5978587390667,93273.07404762549,1526310.5825177787,Benign
60735,257,1158.162988757026,602.9590672404154,57516.33504966249,816612.6855189023,DDoS
195027,513,1019.9173156293474,631.0455854965954,47935.44401378518,1518497.4661216857,DDoS
65925,471,772.2995882606292,139.00278024605345,31372.769119409604,1807215.6886935902,DDoS
6311,380,693.4363035706562,616.6832868327919,60637.094443337555,465526.2942025775,DDoS
104355,590,1182.0864542485435,757.8383106050704,13919.802461752985,1614792.0606799026,Benign
185779,1352,326.8547062017698,133.10206954581787,89826.1627292706,118187.78015650655,DDoS
86305,1317,1356.7919897807162,616.7874340257084,82933.24051412837,1797694.7763604948,Benign
160765,396,1009.7858464296102,566.8576036821034,31753.144787673704,1301537.0951174947,DDoS
131608,62,319.3343519067317,378.8591107480708,95279.75276012943,1748453.448276703,Benign
157730,561,1043.933697992959,46.33636844703864,82520.07674155681,376.7991131637949,DDoS
85478,1163,765.2840312945075,59.755534206283215,66630.68858350397,338162.140711985,DDoS
123537,841,1004.7606291200001,681.9317273589181,12176.191112527478,779518.7748529841,Benign
150503,1243,1086.5023269478324,792.1186982005177,47823.40230480723,759005.8067494372,Benign
131523,1286,167.84174244606186,540.8418057494035,50610.755484675086,453460.7658470213,DDoS
3747,801,733.2403410851185,356.7666456082572,23255.13583653801,763223.8797344002,Benign
124855,481,1308.219362046861,518.0589147215261,7996.5394359301945,257697.42400050967,Benign
191222,808,482.8669594153443,475.51668738283627,77672.36304716927,825522.258532052,Benign
66725,1055,851.7421817031634,306.88980832449744,12203.505212439502,1604708.6583185284,Benign
130981,1388,548.4611500383597,52.50091565921036,59429.07505617747,958140.1262067024,DDoS
85654,555,663.2617624957845,657.2103579259527,93644.91738836606,36000.17789042997,Benign
167845,1079,790.6142092165068,297.4668233909797,87610.51925980425,842888.0831584948,Benign
120346,831,791.0446728501194,655.028514685675,27775.262374926115,54350.03218168832,Benign
68435,375,322.33612414581836,202.00699975070577,85144.86375512653,1932486.8214135964,Benign
57886,297,974.171589637775,0.8235838765067172,33.25061204894064,254907.91884573794,Benign
67803,536,168.62195017758668,127.15062662140522,1768.780961325722,1415376.6526612374,Benign
32551,935,237.4134441467275,374.83153341486747,60255.316384286496,1945552.6457841715,Benign
117216,199,53.659714209345054,755.4429079662639,36479.82191445295,1652078.1033331438,Benign
12394,891,207.53968659126977,81.7548957549752,38646.08411591472,1398630.7502524073,DDoS
70092,729,688.7743714200545,683.3678195692528,56444.10906788825,1678921.8190015338,Benign
4890,419,868.2375394253821,421.61927696948965,19178.245559186056,1963597.3865212554,DDoS
42606,996,1122.2907574547244,660.7366126399173,21175.535066547836,1242688.9945070592,Benign
88313,730,194.0439876531387,238.6995447919941,48460.15870188647,1118369.6136586529,Benign
142699,1490,1198.4820710222139,671.9577317379775,75425.3544343863,1256476.2209265628,DDoS
9792,1331,1057.0656094907695,618.2582240134436,61949.775140758764,1065351.77352311,Benign
175073,1480,601.4996954634878,184.04294642514714,29735.50482368389,1270178.2118194376,DDoS
155969,1231,1309.4663905849388,105.06810112750244,43033.71775089212,899684.4159451185,DDoS
69148,1106,1387.7547932174773,694.4434580258343,17066.47585499984,436886.3657666142,Benign
125243,324,326.7524435718703,770.5893227521055,7462.981433708172,240494.45302335126,DDoS
121174,436,561.9585897011306,25.041850998012993,78269.60407441492,136681.8710645208,DDoS
155555,51,1300.70672184611,585.0160535789485,26538.740918819458,526631.5675064002,Benign
125358,1365,1024.1553435142241,727.6196087582547,17776.638785124822,92247.12867146767,Benign
49555,1316,114.92776935151838,685.8880736739989,69161.80555693193,1134341.5598387711,Benign
18159,538,1105.04455036441,771.6163778161668,61805.167428718596,567656.8940470406,DDoS
111510,793,1167.720197689614,608.0752627504777,63318.96260134641,1649069.6161740643,DDoS
107530,74,1063.1775984331732,353.8390099047282,22889.460484661362,148481.7459767729,DDoS
81077,766,1129.375126741346,249.56159239610434,23264.5538562681,452702.98868297186,DDoS
36920,888,1163.9291135352762,256.59419235050194,22080.262978563915,1460492.2941802917,Benign
199193,129,301.64673216399456,579.5381380912936,17375.25956622945,1197616.5927669827,Benign
20457,815,368.18385718774965,596.6696096247714,65572.36725616563,128982.54249833507,DDoS
198629,644,905.5740610222393,160.28731483897013,84801.58852494015,1754478.914324401,Benign
79953,1009,1275.6192761243965,694.4982507924248,72431.74696766613,1754523.525652359,DDoS
53995,1061,476.8653861002677,571.9392321617981,79209.36337605432,660816.0077515477,Benign
172829,457,844.2140123233265,450.2002290747061,40479.84290851998,680811.6866991294,Benign
10692,154,972.0257856131287,377.2259680820102,65407.57953719981,1978056.7167003478,DDoS
177830,656,660.130611753703,434.5862446319665,35423.62404447745,1252352.3431862765,DDoS
197769,1259,1013.6063140546901,127.39659062341158,52550.462196864,1062633.0411361181,Benign
38065,865,1264.5510511444338,162.96099942101935,48163.48465348623,1676304.3671038488,DDoS
100299,1138,892.5370846454807,72.93159232495334,17688.71451438544,570580.6767146329,Benign
164678,452,778.7044335847546,122.92643052889014,38707.87603356308,858365.1867927138,DDoS
12534,1439,642.3053117742577,362.95490768422616,96382.2275482351,535553.3509766683,DDoS
41397,1483,829.6064657232697,424.28351498260486,24858.02577149421,1578321.6931774628,DDoS
92387,768,529.7393099548344,14.2895139826555,13380.373627948871,1146698.691270436,DDoS
2016,1340,578.5008487720276,637.438262291222,41858.06216239353,1317650.140280141,Benign
56591,1060,768.0075975790348,235.3343786747823,79033.77358601481,504614.4996788131,Benign
24247,800,139.93580172760292,729.4688279679289,58214.822977997224,440450.6027546302,DDoS
25300,715,359.18427774847504,774.0090108910222,68097.48272382445,976749.2579658774,Benign
83798,1457,782.8465693281021,148.36709974132347,18969.484817467717,1475131.4981856537,DDoS
10268,496,632.5629932341975,369.6778326125285,61894.81930077215,1050479.5150403203,Benign
87807,959,499.30131098185376,0.98546813314071,32350.039491147374,65291.35509133721,DDoS
13185,231,1036.2413346925568,478.66181209794155,83430.33659547675,1737103.0126405775,DDoS
195776,778,986.5187699945069,485.845158610137,62929.880601073615,129373.78703026315,DDoS
171171,1162,275.0865259910673,198.03196448270012,19885.62777752959,1911648.9674415046,Benign
140643,1017,1236.1493057541416,446.73013806655837,6461.667984408615,50283.91655454545,DDoS
39044,1048,718.8218956453536,180.43211395498835,4263.320928703273,1388900.9122614176,Benign
52214,135,1050.9722300377114,128.66037526255207,37140.856765014076,164414.1274235633,Benign
193300,702,823.7536464974747,521.2155734418118,26585.11366543135,1821353.158870279,DDoS
115752,1253,1396.8850314971885,260.74037116165994,64609.012346250805,928866.4724510856,DDoS
49984,76,1065.7442120524106,472.211151108498,49933.383497861825,275047.5496340308,DDoS
41774,1432,1004.4236226786697,346.59739917732446,26601.927800538073,681631.3995796932,Benign
3568,318,1101.072117718514,787.4811259223231,14923.777795017611,329649.35069352406,Benign
121151,256,243.222780490434,119.66451413405261,12719.976268744958,341163.82311418,Benign
194664,906,326.1352007787754,371.6788773086481,86466.03921404177,1896216.6403428845,Benign
199635,912,1013.9865110018791,544.3653010874602,24347.796840486724,890492.2245695763,Benign
134767,1336,716.8750076266646,316.43606710397495,65171.06479109683,1577604.527810719,DDoS
125375,101,1068.7576440111575,779.7598814965519,81068.59279862663,1279211.1223553638,Benign
180262,635,188.93664150459577,577.5101023415481,61408.13111847361,1352852.7246767846,DDoS
137330,768,774.2498245042029,525.5870860515945,85956.52316469458,263386.876944077,DDoS
40504,1405,561.4091135018363,605.6474140889786,39239.37215284745,468368.8936309713,DDoS
165231,436,666.9502960302658,762.1189104309736,95622.21906489483,1573500.6703088738,DDoS
14986,738,865.3431272978919,726.2549223877121,13314.500417809693,1941532.4129495658,DDoS
62858,1082,728.0892690744157,579.4282465011295,10214.95296575381,525351.2851973034,Benign
130312,216,778.8118601023295,599.3293112810264,65869.21462074436,543137.5295020797,Benign
13666,435,706.5826006940705,116.73765922811637,94283.11414132618,945794.2656218096,Benign
39660,484,602.0894890654158,82.23392359413255,80888.34616363281,1967680.6257108757,Benign
135633,1296,1092.0406738076308,456.72360147533146,7641.685943805143,537917.8916529422,DDoS
27854,115,66.4741476293601,14.694109552432,27936.771393471638,813943.8192685278,Benign
65505,304,857.8976466270565,385.88510524127327,93031.88848378237,1782960.0312470135,DDoS
105488,494,813.4362688860147,168.27966393509487,25305.843280078454,5842.065242724015,DDoS
184323,757,1016.8417508894854,276.81325411587164,78117.04237869193,79531.9299771391,Benign
23662,774,858.6896424493908,620.6437886343648,82513.21959287037,1208143.3541424384,DDoS
9392,1447,1166.1784175422558,752.9900033859092,49545.21034609818,1814760.329425694,Benign
31535,890,1344.7509726614376,57.9330177170732,38634.89098483155,477713.3208038553,Benign
114569,1430,512.4077471910335,427.3937647811561,45012.44324197596,939283.549361418,DDoS
53256,183,356.92382709048246,706.02678865568,22696.469436536416,900930.6033156365,Benign
90135,924,621.8557642676519,66.00682755233703,88939.09161288443,945942.6921910204,DDoS
128478,1132,438.70498224223024,659.6112375174671,45061.96567297579,1245039.3914594904,Benign
36222,1162,880.1828552560835,286.2410807426171,88245.94404560998,939487.5259813676,Benign
78373,435,1281.0007519380024,257.6757617754683,10569.34799062741,894936.2826449156,DDoS
124684,1088,237.80686209313353,781.9731090518286,98827.52710001313,948576.8408625211,Benign
195407,987,186.07271407144677,160.68727188983533,44327.30874436183,1181734.882542083,Benign
11965,930,395.620968002444,554.5551526581447,4783.082039410547,1074014.9767027167,Benign
25538,1214,1030.229041184241,657.1525824078932,3802.1848237454915,1708271.9953010087,DDoS
109066,1207,850.4999220994091,32.94679622341734,74620.72574818386,98993.70698733324,Benign
114252,608,187.98709670401945,536.3083666835298,65903.55342036807,1666634.142946025,Benign
140182,1102,1290.3132050520078,761.2399794842615,80213.05581275874,1687849.2252234481,Benign
159338,148,1116.614260117517,99.37597338244748,10536.753395280595,569816.0430619217,Benign
185064,1105,81.08051646331064,716.9770421480306,3557.086703554835,925703.9100317013,DDoS
99806,1249,929.3457348341323,475.8213099015489,50857.92894475785,877076.977074871,DDoS
138982,974,1091.1830025016463,493.2836654899792,38759.52314827695,437019.6687082606,Benign
111989,437,555.4877491225698,490.3553398924847,46194.69366709558,793593.6941726329,DDoS
91982,1286,143.04407814574537,239.06870906985108,99158.8408870274,88775.54434170887,Benign
122626,673,154.3834384098628,748.1614522395678,97074.99576706701,555644.1455634688,DDoS
120176,1196,190.73340416994282,757.880370104831,94231.53896731928,1633364.350901436,DDoS
132278,1226,1184.593503173571,500.24372817115824,78384.26767676738,569124.603525795,Benign
123409,1278,1279.4263676452126,626.7381807532918,35484.13602568904,1636413.337496495,DDoS
24419,772,215.79455549174062,489.8063887049264,41213.09302627716,1063198.9292088617,DDoS
182708,274,368.4731467033596,387.5187580592325,54961.60437189245,1759725.3547223199,Benign
51015,697,273.4526889958412,528.6560946394005,83053.44564048399,1149559.1085288303,Benign
123096,790,301.5331873170629,442.40116207356675,6871.283251826776,59336.446129479635,Benign
108059,627,1180.6125651533644,477.98069010554406,42429.68858848881,1350840.4150941784,DDoS
186340,1072,498.3976570841676,627.0660427350896,8261.766345926868,89707.13604713732,DDoS
111687,1137,470.4497564616156,384.72306515918785,51465.75865735116,901194.0379662679,DDoS
88939,993,356.98408818410206,32.60328487397821,89890.08240062353,1858853.388946228,DDoS
150213,531,870.6574316222492,131.1995847915978,78248.4924563938,330407.87867570034,DDoS
106878,952,562.062692820491,350.8857731916307,22784.241754310995,779744.7058830882,DDoS
188116,1316,1054.7370299884399,579.8612478992467,97599.08495987924,1459720.6176969567,DDoS
199286,1293,327.5327413071106,474.622918648143,66735.03980464283,1764517.1121896952,Benign
165899,1237,1113.5163497645647,520.2353486987631,1042.7699397403067,1341886.0094850159,Benign
187892,1231,865.0240678356877,383.4231428610298,25541.348468521952,516346.50838233845,DDoS
63623,209,204.26085507517845,492.5936175537943,26071.329991991654,1349215.7058324323,Benign
76450,1456,609.5811886748974,263.2139502517298,6925.430628585994,593455.28220818,DDoS
94426,985,1215.749489827492,376.14607415733207,95982.6518075929,1436858.4596374705,Benign
118845,834,1295.9963129279545,595.4232524759644,47825.529457592376,1908066.255170081,Benign
154371,673,678.6951651303978,697.466223178497,89581.4597371882,1442786.9022125765,DDoS
44585,1257,699.1299204202493,346.92426716511113,32221.550344462834,1725761.0058248248,Benign
110225,68,1289.9138786680564,34.92932616588895,12523.357043282713,4207.686351766826,Benign
65044,1228,842.5421025843658,129.33803531744212,47433.61099062139,1435144.2494631887,Benign
174629,1485,94.34300482864177,16.68891143323048,11395.663471431717,1659175.1137305007,DDoS
181152,378,1282.2117748868238,522.6104153898641,48601.550297753995,81117.47508936285,Benign
110556,1428,385.10569772215507,265.85170028408714,92029.71812194078,1743195.454576461,DDoS
3693,1405,829.8031380235888,433.982908575494,52076.81418342127,513388.4566200917,Benign
96259,539,273.44297852776464,394.6214774270397,61649.97268950835,1330584.2039561104,DDoS
26939,550,95.73686633290323,65.22119164194136,15663.843697380831,1600709.7580468133,DDoS
180997,1390,470.4887810292225,322.60908889906545,4373.562587996948,1325329.0261187109,Benign
175013,256,1103.6692051872183,176.4488999378586,11080.796217980704,184569.58414651448,Benign
153906,1364,424.74268304971446,334.7198309341222,59853.15756843657,1192643.0377207366,Benign
19047,1195,347.131239009481,162.86262427379415,9501.169899230466,1099167.3134442873,DDoS
27105,1133,337.11905886065546,672.3619250215468,37599.288994131144,1800642.536148543,Benign
76766,1315,745.484471249197,139.35466926260293,55009.1940458156,808479.4592884184,Benign
147779,1478,1366.980776171721,768.6244411895816,38865.2798629847,642162.1941741003,Benign
154048,484,669.6351338229676,332.72589291755264,16368.380146530148,1499701.5288729325,Benign
45262,915,802.3622480015647,676.9962336152395,27379.130751410652,825350.6521667932,Benign
126117,1245,1211.8532241524908,503.01185456475605,92831.7532848577,1292192.350010126,DDoS
24776,206,772.3441205604391,588.2802389326021,67598.22755863554,1292900.180249214,DDoS
162152,130,299.0248764154557,614.1791104534242,49604.783867988655,1776078.1287202355,Benign
129376,753,454.454480884744,403.8759055144142,1271.4889986893518,1197384.8046381949,Benign
198914,78,468.4148504626247,434.6404186906307,99241.54004894702,1004307.2199239738,Benign
193445,1189,586.3794558677571,411.19669424698,67145.49348946432,277742.652793034,DDoS
138848,212,626.1650222046117,470.44670247206335,31692.247734494493,231475.2133574107,DDoS
93787,692,1129.7057298002637,23.515556605205834,87926.86599978383,308643.1305661588,DDoS
128948,793,521.6724487165995,316.4121358792122,25843.16202918181,343696.96265418903,DDoS
56016,1283,682.1129683958621,484.95097084893723,54401.65791827516,1275754.1853272677,Benign
141546,1121,893.7175825189206,478.17885220469145,63607.076372982505,1481962.500549157,DDoS
190125,515,559.9300290442286,634.3648756845053,22106.337145372847,1059983.0458528374,DDoS
22959,495,1179.3624979446495,524.0074710656868,97839.7278800596,1658035.4650909822,Benign
137602,868,843.0623657160004,793.7066530725378,74819.19059789975,1982526.4534672664,DDoS
120101,934,446.9603169483116,227.083622886916,55781.32255110699,1640025.258238712,Benign
4748,1424,1013.9799197162681,287.32082373298516,18059.45981753009,1389764.7473519184,DDoS
14545,1064,762.3244356954609,307.07772149423704,5385.820699802613,1064985.3988742933,Benign
128659,426,771.5154531972834,372.65024561619884,32005.983252098347,897706.1433494164,Benign
198271,387,699.4687303232411,668.7984510249676,75318.73359134028,168784.7610890847,DDoS
166838,229,720.9661309086862,188.6336751673679,26933.129830202506,798737.4967893818,Benign
74530,544,1083.2309794394248,620.8001656283436,53955.62204955051,1820269.2735642686,Benign
94557,1254,189.02499709727596,324.2481464685947,72794.71767307432,1616045.259813106,Benign
62087,1432,501.38979526915097,481.4843069296068,10794.371464646436,432102.73002337443,DDoS
69840,1472,151.92954113525045,506.0324265810449,68529.80161158733,933215.5693944318,Benign
119451,863,1066.8823980090585,298.2789097511476,9187.08877100447,1633446.4051170892,Benign
186456,968,417.60750387240427,410.09216416464415,96512.97421269966,134769.10957104503,DDoS
52005,973,1261.5310532554936,330.4249397181576,48839.41300649396,774785.1713373186,DDoS
178648,1180,760.8809299900465,55.30622894929556,15067.610770987738,1703682.4737478953,Benign
40353,173,1131.0121915062634,349.7323110534612,34238.36360335465,807795.7283402475,DDoS
194075,97,1371.5574380815476,77.91471404284174,41341.64492952615,155229.28946288172,DDoS
53733,724,1183.7149602663703,324.0166392642572,75818.50110765373,1085068.737064503,DDoS
66318,711,1220.4415760155566,474.3347198654255,74342.37860766092,1723484.9898365906,Benign
155736,212,600.7790687425404,463.5319194748006,61194.050533733105,1180571.0859063193,Benign
68172,854,794.8255036001086,530.0970232066563,10593.071255849296,452558.21642846364,Benign
94264,1212,392.7495614584608,76.20920636370103,15156.937158767358,768479.2402747626,Benign
27736,119,314.7526845861613,521.6985964243503,9375.692064555664,900246.7223638644,Benign
113859,925,732.4356367931456,249.71844535715766,57717.278328755005,1158532.7076410537,Benign
113181,1276,853.3161225955678,319.2367569096889,87713.8441511404,1518702.0515052262,DDoS
132926,242,508.01618195985776,686.3890031381646,43380.05122547718,197747.2352812708,Benign
91084,803,818.7487489807254,7.224323303640201,16084.81739577462,1779304.0660351326,Benign
170695,1292,1248.071651393229,470.73010667248434,55804.2325148967,24619.406032151182,DDoS
8392,1290,801.5741394575442,478.97118408008606,81175.22168657099,740104.6693485104,Benign
56680,1465,1023.0976800191839,317.32782107484957,74171.206151293,54840.6199453153,Benign
178789,86,1137.1752059331718,189.62228568666893,88145.07796750213,785948.4506905825,DDoS
51859,1296,1384.7838556398478,187.73923060924088,27790.209724886783,1051625.1977466475,Benign
126657,1368,864.3164929389225,706.9677357286021,19395.386726777488,1023362.7731630235,DDoS
158381,1206,1139.247701099491,353.619499026286,87981.64859419387,331256.6940565307,DDoS
195806,1478,1349.5765800490808,264.7114903913375,65756.0312778023,1291481.0201912245,Benign
71467,1436,1324.953129529319,359.02205906512245,31092.893000755415,89556.90100933645,DDoS
184734,1322,240.46049584991331,535.5123211674891,74234.80505725092,1523813.6402648308,Benign
99506,695,598.6296161692547,116.60525459580136,81511.83844803678,1893288.8679870926,Benign
110751,510,487.3865824941795,359.54706817099014,61497.82403411323,679537.6543022358,Benign
119906,1010,167.34877018297158,470.3074968883096,68788.4109879915,1034478.7634286638,Benign
144760,1075,904.8750461297967,758.866683881147,37525.99044426663,757820.5561176288,DDoS
26342,1393,1043.471227814603,202.0222256603354,53869.56673430391,13420.780608119909,Benign
169229,775,1194.9729288802928,287.4005983329964,52415.91707261623,771749.0057902319,Benign
199935,823,215.74880104465646,303.48687193793904,84804.7791130772,1583440.518522693,Benign
107308,1007,1233.1995024316466,484.4305261159063,83996.39802821826,1191977.6843669636,Benign
184155,397,917.9495108792419,285.3856424320013,83268.04693470433,202519.82923031785,Benign
107081,1011,1000.3272824369877,426.8095402397565,1103.1614262465794,1694278.9793875702,Benign
197805,1471,1279.3424047794103,625.4322638760235,74954.54844688883,1062170.6897704857,DDoS
90045,707,893.4277159083889,564.3084752897629,75867.63901110049,1683446.7234893523,Benign
35698,412,503.41890715227737,357.09491721006845,67837.88228551418,1160443.0375700588,Benign
111078,1071,1163.8948974205907,691.3729421393351,75626.46578914525,1119376.8896758799,Benign
81623,1185,540.1299364633722,446.5121996750903,84197.03714967087,210518.37039402477,Benign
23671,1411,96.20794960771431,431.92467160177,47031.905410178566,334719.4662772559,DDoS
157256,715,1171.383583863087,27.35021275132654,50205.02134884471,1944050.5129931823,Benign
94384,129,516.0093955897221,789.3543842857292,12471.405691139049,456973.49350954156,Benign
174179,737,1094.6766063218095,98.37664682370138,38537.58830473618,1954904.2359807359,Benign
87202,1379,539.7231577990264,184.90472994211729,64336.51799117843,1063825.4130485267,DDoS
52663,1241,1212.4418269658743,41.35746979322157,78039.97761472745,271578.09412787424,DDoS
16708,579,346.3392088592942,512.002373469531,21720.909769121055,198604.4055073859,Benign
92906,771,1365.6388080184745,179.76094157814398,13782.28991592354,417728.14141147997,DDoS
50811,908,1102.6743459638415,144.00834997817879,66304.20045004922,1851274.6600506715,DDoS
134883,80,204.22119999253573,70.84446737859311,187.98835249106415,828300.4486564536,DDoS
57250,779,813.7984369548567,82.64716569921254,17837.25843073298,790868.5359858287,DDoS
113547,541,1380.2458715263417,467.736560354071,2907.1380343953733,626412.522140348,Benign
125249,998,685.9383611366494,550.5662926932763,16688.51178548709,294123.70113317674,Benign
35754,1208,295.84463740913736,317.9031907715208,18131.92799255052,975702.3943848129,Benign
143483,1264,704.4507956529674,383.9176652736586,38767.35947503942,260095.56502227738,Benign
134983,968,741.8178354405942,548.7741887863873,40232.7124686556,1670960.4727646552,DDoS
199342,500,1051.2773747086985,13.90383214838371,87426.24706102378,740793.972550613,Benign
140752,771,993.441901767221,258.5045256562228,51010.97124988252,749607.1355635927,Benign
85896,791,593.4425588559237,778.4781984562771,72340.47656122863,948012.8569663118,DDoS
72295,964,344.33119511701676,464.08978375637446,10413.735792028745,888255.4263315032,Benign
101689,948,920.8231264885948,203.3796639179946,22543.875546369385,1989715.946118643,Benign
12111,1316,619.3003116469305,417.3840373089705,70294.34409786768,1090762.242436605,Benign
38504,429,228.57288501919604,274.12279049673225,5280.3960468528085,176403.40757974138,Benign
133874,922,1265.7726066691207,425.7959910610393,48659.766224375315,1213754.68315386,DDoS
9155,295,983.1495077730334,100.59320944531906,59936.896566293384,303168.5857397599,Benign
40384,748,972.2982062013999,106.17172305542191,60214.56440524811,61875.28946268395,Benign
113561,489,1160.4882324807597,114.83388963151428,2293.2811268042033,1941484.3073544963,Benign
48254,49,765.0432661843595,751.8558335414734,32210.80042291855,1547077.7830691277,Benign
22918,863,1150.3234783433172,586.3191346730734,63649.065104915404,1960217.9848275338,DDoS
86981,837,722.4225172398577,129.90551572985672,14899.973614924344,955756.8960444849,Benign
192785,1305,140.68678988620863,150.67926701248115,69541.56483280532,1064515.0622979521,Benign
31306,1314,597.0849188373799,584.6635798967011,74592.52088136745,336673.9118382605,DDoS
148718,916,721.5776068728522,124.93107583373914,98196.91904461452,493814.8533351712,DDoS
47843,1068,1022.2734852035993,187.64903466786294,20984.199485640944,1677098.4298056564,Benign
121975,1182,193.88128567371038,770.6774662563192,82513.06676661152,712371.2942351883,Benign
97601,1055,239.02502719160614,204.2452197827455,52029.6576918654,1653629.947592838,DDoS
108512,413,405.9731335567322,529.3058802969174,37346.259614417344,1418027.4485740636,DDoS
148443,1128,409.77283105069097,782.9050299204243,12237.675732517795,354341.850543731,Benign
112472,185,1038.4491809197343,299.4374137118341,73550.56064875376,1014892.7322394843,DDoS
134121,263,388.48639175815697,14.012792689649789,23585.759914368708,1354774.6430374337,Benign
163688,1302,904.6823855325542,195.3178323378994,37142.200187304574,470074.4296076502,Benign
104727,216,717.2696976866664,664.7017530733643,6254.222689736844,1661377.0210401537,Benign
113893,892,823.9474105421909,691.6870687640294,80136.6915819519,1089655.3150903736,Benign
21932,1345,1181.4444002906994,614.815491619033,76658.85239716433,330484.1008852064,DDoS
118796,102,595.9150270911828,90.48785526125842,73361.58300423124,1165968.8523292048,Benign
30855,1280,1090.730359036765,636.4082973571225,29944.351049188666,1999427.608311828,Benign
193506,866,619.7486803934279,734.9422375948034,17348.007426595723,301042.9833268271,DDoS
175088,834,527.7263583576868,480.4876340369889,63755.32644702298,1633513.8602390562,Benign
8400,728,1344.1466893728477,752.7002850704519,49616.63841132195,414618.00637511595,Benign
118858,144,298.90074291660034,661.471106969502,17825.24669046416,1564776.6589201747,Benign
174714,1162,171.95489677977062,533.5772135927258,68591.12710498637,1469155.8462428264,Benign
16151,550,1090.8309994728959,461.7481893693985,99112.64318213037,600978.7712008647,Benign
183479,424,142.13710222802365,278.8589337935764,74721.95877420377,651646.2351288997,DDoS
67690,444,1180.0566374490897,127.42995619424411,73998.63866856118,1585042.7839258383,Benign
5499,862,640.2110850822787,483.96313815243263,95031.27529305917,922891.0237746253,Benign
7295,557,1285.9434643440838,254.4892428944956,20293.636757490218,1461636.0574236175,DDoS
121885,515,1024.0693625145725,693.1509340221163,56554.99649214404,295968.29473166954,DDoS
127071,748,874.0463004607427,794.6695498869028,97964.67150338835,1705115.563803107,Benign
60040,810,1331.5641760279836,601.942210092458,16529.411097017455,1421769.4333646381,Benign
13183,1086,585.4766536202733,72.38535622964059,70025.1959444521,1813885.6176696678,Benign
161371,1036,1338.0173643285045,230.9484764245105,58581.014597190195,264744.7580699449,Benign
144946,716,232.25172451862937,87.28770541259978,58647.9092188707,1186029.0007211952,Benign
117336,753,703.0691716087572,520.4093182333726,69767.0627520075,1198241.1700806504,Benign
33711,122,414.3801502294631,612.1526916446277,92961.69228756842,706921.4810935649,DDoS
6539,1208,778.7877515260611,740.5398647045695,78258.1939851338,916932.8491385155,Benign
185423,1148,268.7187351536392,350.53787712959013,5613.610341621001,75963.12657970694,DDoS
193339,1141,1186.0650414185586,721.1005196707555,85272.80198757112,1491720.077254024,Benign
180426,496,1192.6505965746524,702.312927233062,22554.13299257326,1098644.958806348,DDoS
127063,40,1339.5690221766965,253.7565734123189,37691.4164736372,115482.10373834755,DDoS
134629,90,258.80739019236887,695.1205004324568,46173.281361238216,1361511.785920971,DDoS
39360,724,891.4989437217375,300.5378015053812,48090.60007530697,933564.1544623758,Benign
134272,756,690.220366745499,237.49541964822464,43518.039925535675,68922.51885000001,Benign
179047,488,514.9180382597149,519.2597270355145,93735.32942158644,1939215.4536961908,Benign
22357,920,524.5792175311954,262.70498230806487,70601.90076640245,1898224.2861788808,DDoS
120121,527,607.2712933191156,504.1669986633154,63117.064595670636,1025804.8322943951,Benign
78505,73,1001.6494920800866,487.8654443989556,4984.202778294156,187344.8414118204,Benign
3869,1411,857.6861786620087,450.75114187876704,90391.33302603746,1509242.4431971835,Benign
193207,134,670.570042227527,304.33576338623817,90939.01920083963,983862.2002114581,Benign
51108,1135,152.51010399898982,438.7997773211814,78021.30634301023,604894.9565787598,Benign
113296,193,154.98321450659205,477.18837998833726,702.9203813619156,982836.3550571136,Benign
95179,289,53.15817734480065,436.54951079637874,5728.025107762335,1044888.2908109289,DDoS
91272,713,1356.3941740795667,355.53556220096124,22522.370226848976,1125423.3980446784,DDoS
39467,477,57.092655053819634,11.733645637011048,13134.94081449067,882447.427310653,DDoS
24328,157,189.1765571185556,469.64936616092075,39883.602970372944,1211510.6062781133,Benign
92412,810,474.7053516927047,134.7555081141757,92262.30580877897,1837469.4212127547,DDoS
136059,1369,1140.0308399526277,514.0607751577517,47206.043419699825,724536.1741971823,DDoS
59871,307,1348.833360781559,607.4754623382928,1340.262643216561,1451432.926439898,DDoS
154471,1117,1116.5183043690058,400.3562473045932,28274.5689578762,1788905.1136484644,DDoS
129391,275,982.2563138016147,433.89093198379067,4459.490837296154,911958.5515198738,Benign
178286,428,753.7559010083187,761.1828477327929,3628.762261350216,886911.6727638083,DDoS
87416,1029,167.05203601394786,677.7338890980593,27571.985309555224,1204233.970709559,Benign
71271,802,1343.530570555306,731.3892127611759,27561.23386789454,1182813.5188449763,Benign
45064,440,1073.82975882667,651.0130306556691,78712.66026016041,1613178.6846525539,Benign
108450,663,912.5816702012535,87.13467347738515,97483.4652781112,952966.7675565854,DDoS
172890,806,1074.6983914774473,119.19348477615577,37120.70938899983,1992245.8992788822,DDoS
177597,1366,1027.539494518737,421.29903781516765,42888.68788610386,118943.13773456156,DDoS
20830,958,910.2626327158073,196.85572703839858,84478.94362860214,6335.697161403476,DDoS
149501,1270,1373.778680242984,381.35638003292735,26813.902009551337,1280396.6231192476,Benign
138965,1292,1269.5411470586337,315.4922590546802,15638.180440344795,596869.8247237534,Benign
117381,892,922.9976408081706,439.5313907443627,85308.96234036505,480764.7773989676,Benign
48333,617,985.7865354668484,597.5005729086581,4650.058644006549,623798.1600085609,Benign
135508,114,119.65433898925849,572.3927256794195,61969.94401994157,512095.1302099086,Benign
77213,474,954.3885771425529,416.98730598826745,56199.28474668068,61580.0993208957,Benign
137967,142,109.62334090863524,657.9147350536465,34592.04475016943,1943066.0847811773,Benign
151810,1485,844.1560719094069,344.68967323042665,31518.9521097359,441490.9769055635,DDoS
31746,803,1399.127224413877,717.3714318720979,77185.77261816213,1468059.5251786127,Benign
50377,777,800.3388849401925,57.02421604413112,8642.461076254649,1525192.7893883507,DDoS
180476,845,688.8336594098001,763.7280240266459,23678.43093113854,1858514.7960144586,DDoS
55045,1369,472.3540562825432,523.7544651450786,73244.87318380897,61098.91418675995,Benign
98888,137,212.70548136172698,304.05960714976425,54832.05837264242,1744096.6768940154,Benign
171862,837,1036.8819564686803,157.7233012583019,12798.820853358638,1054452.3616796006,Benign
108455,1398,310.0086875106011,383.34658355487994,88213.56142820601,1265088.2199316558,Benign
137672,898,205.6307286838339,155.6466585482408,39344.78465635915,1288940.5542420673,DDoS
94179,474,619.3795906361919,133.06528619451373,82786.83753221728,1639595.609969455,Benign
172836,486,1123.7114812447815,493.88140593037934,78771.30155277086,666814.644318221,Benign
46714,1371,1055.8371399622974,418.46777966542777,62442.54464717281,1466102.3797199868,Benign
188907,288,124.09152977274115,536.0768276887534,49448.1131295093,1057156.219444394,DDoS
103946,205,664.4439747988107,743.6847019375914,97955.08403817569,1586788.0286106954,DDoS
110616,1023,755.2866776960781,425.8081706712321,14496.507237981705,1981092.065540267,DDoS
106983,1398,920.1379783448599,464.7456426102382,72515.57275511148,401302.0348075225,Benign
188563,1059,927.725923098358,71.7010713239537,19119.0701464789,1989297.2831199958,DDoS
125123,581,542.3412867673629,574.1086287269036,33826.310533234835,179624.308565548,DDoS
150661,798,806.9142119047439,319.92416544332497,30869.874337319525,4635.095809627732,DDoS
44484,1169,699.4335431895167,781.3801909300631,94703.5987738723,88323.87235566252,DDoS
83989,120,1244.7477813064295,658.5392124765282,96735.61777882752,683564.8094735234,Benign
37212,172,765.8579290571153,417.98483241289466,18301.544423472715,1265812.6613568682,DDoS
44525,836,645.3934183600182,98.57812333773283,2203.5160297504185,138059.08177569925,DDoS
179274,939,596.0553570704985,687.5326346244714,72000.80396631132,11331.62905913454,Benign
164707,177,822.7774752351787,639.8248763392173,41798.99338704843,1874182.0569175896,Benign
64208,223,1135.3689221912118,147.6681036296264,8884.024508756438,1643853.2718798593,DDoS
34828,1464,776.8420120140632,236.22263137624805,68375.41055770425,1618366.3422780621,Benign
150783,1393,943.234486358731,634.7258065182698,54510.55282606997,1768848.5510039541,Benign
4420,824,1046.1052853238086,148.18275723792772,98051.6822001106,1400068.5455442087,DDoS
97752,1023,752.226948336288,734.2019913371018,22740.949586137893,208808.25949616288,Benign
132373,108,626.2030264840669,339.6219401570895,40397.78763265482,798200.3761474461,Benign
177308,585,1233.4982601143067,69.63117007012691,54254.58033954229,1446298.972929259,Benign
116294,92,613.6332134376544,652.5989148034247,79169.99884533517,560668.9215830418,Benign
198307,244,673.6228482770432,298.8077464307101,54883.86567200587,1374812.728272475,Benign
186312,165,1386.9607730113992,421.1993553230248,61290.01608619492,48996.8965353047,Benign
125019,82,50.32065682744418,89.84347552897533,22614.705158994075,612274.6817591864,DDoS
66726,150,300.3884279285753,2.067211875985908,84691.87280885599,1098260.6725543453,Benign
142564,800,568.3512513916297,510.38816463463814,42863.05469704758,1264179.6590124846,DDoS
116668,1246,1308.9963777240914,412.1401362669853,14095.962752176927,1154081.3289238217,DDoS
7102,887,144.5401027590859,474.83085529851775,66418.79145054174,1395512.552146859,Benign
182408,134,62.8053353984724,634.995080304413,21609.045318530752,12177.49647967814,DDoS
119015,1437,121.1231785692586,517.2847307382881,9756.251023929974,201882.399955043,Benign
27641,939,169.53360432838448,139.81875426190174,86198.69084042723,1737888.5045582901,Benign
166656,399,100.75564382845218,288.61801528847985,46016.22644884397,1363497.2881803224,Benign
164817,939,697.7047912562814,724.7128838302083,74928.37126957765,225863.2853720226,DDoS
155165,320,834.0222297568924,615.9557602013432,29058.75598063551,1684148.8747971584,Benign
198177,1258,416.77741094315553,445.3096463493738,78697.01349176663,484462.4356491338,Benign
104746,1258,587.687968367108,204.51599824741783,11193.592702153031,956519.7683904469,DDoS
183957,706,173.7941024004307,241.64840146783604,35597.337379485274,290393.02576932055,Benign
37631,132,504.1001261683698,585.5664540685076,97806.18179735285,1420220.1128434134,Benign
73991,711,755.4009087066062,680.9394086822167,79398.9716368006,1333708.8420285357,Benign
5014,100,1038.566939699271,537.1397356244915,49725.593031468816,422224.94233227236,DDoS
12093,673,54.51758875802195,647.6239806147535,33977.74715618851,1726801.5337140036,DDoS
19070,1114,680.869534825831,613.3249081603248,87213.57000224765,802612.0484394244,Benign
36777,1466,450.953883214091,119.76317436556619,54484.775908451564,585030.1821414836,Benign
57958,1068,1201.3094592840669,339.1558503306416,75842.5017869111,304659.1789290709,Benign
83074,643,1015.9969755662266,122.38704066285013,75410.7680316164,532336.0250310749,DDoS
11729,721,845.296521535708,188.18846784158785,1794.567856849183,44053.84244763399,Benign
177089,573,424.3086216906444,695.4076997208421,12625.378279261346,1166514.984912231,Benign
198392,1468,1278.9577877776712,378.3135725065457,65962.93663947422,1684461.492687896,Benign
159823,877,110.88591424743629,428.28648147412866,16161.981128587144,1097960.8988832836,Benign
106864,684,197.78125821680547,142.7567721822177,25549.33446556047,438547.92384775146,Benign
131858,272,578.7006897294807,249.8174288390368,94663.79541996072,67338.35642774544,Benign
106510,563,217.99070235075607,184.19693474229595,56018.22583749118,429256.1465176057,Benign
55748,385,1341.1611917052237,164.94893161474113,75072.95069993472,832242.8561421846,DDoS
6801,1109,1127.2855848935676,510.3686346527761,55798.07387826399,1519222.8573995929,Benign
151262,585,399.6265796624484,205.50707811657185,55251.36147827252,375685.7050755482,DDoS
181761,1141,844.5482091138813,505.61238881633477,9415.19101256979,1439582.906709372,Benign
183065,1136,1376.1461953581102,46.76369128684313,34366.319260910306,1733866.9367037674,DDoS
30592,833,1243.668620477529,113.41951482168149,28243.089868651172,907893.6962167141,DDoS
11647,288,861.0779026969674,219.63220320010032,39072.83656136132,1642863.9832851866,Benign
140788,86,1270.0273556866152,477.63753351655333,79834.41882243282,1109314.6960701912,Benign
111627,1184,1385.3996282480346,540.6729960699008,37193.26679168649,1274181.67416181,DDoS
71316,253,1053.5263109063926,354.1735734236217,45169.68192316827,1052556.9206764053,Benign
3368,278,137.73165280190693,356.63273166178317,39738.13904853165,926345.4335026835,DDoS
78575,1119,592.133319174408,579.6134811188945,9340.79719752956,469306.8835516987,Benign
7655,389,1181.0647426323812,12.656873412465952,44107.21582507837,606388.1189220921,DDoS
71031,146,361.26841433677566,272.87201957937646,19560.927304451503,579940.237887218,Benign
88922,870,1171.3673989633432,654.9656456953862,18672.329577304146,1126577.8619076295,DDoS
187838,87,212.4573287472445,482.5755281706978,9403.610443426636,239907.38604777984,DDoS
125046,376,113.37623214954756,269.7817062043363,35667.097414176475,1833583.3814046702,DDoS
145475,1089,568.522325513187,724.4198338637391,75748.18847894174,1441310.2905662265,Benign
33097,843,99.5881155259284,618.0981819595061,27644.16905833961,802891.2618263873,DDoS
143038,1320,1342.3148550274896,211.91635778938672,31234.910188551356,317248.2890527559,Benign
125862,47,1165.377689321854,516.2318700205735,64267.46576724236,1763984.3394432717,DDoS
119834,664,1131.0390776253314,476.60058255116536,19584.081258691887,1647556.1802023305,Benign
94848,1316,900.2001960448067,320.95033123118617,89695.79304235343,1443443.1054343586,DDoS
53921,758,342.03743109934726,293.5648633638405,52019.05232515545,543094.0948224848,Benign
181798,342,749.6514950131294,274.84837982056314,44760.294032021695,804893.2748673379,DDoS
127141,678,856.3199977809604,493.72462671651743,55782.01919292014,205496.50490484672,DDoS
182372,95,758.792526161362,353.9279491845356,16603.431341619547,378079.0494550634,DDoS
23677,765,401.31504673456186,665.4904906011376,61347.31386391763,1566033.2746334658,Benign
56609,565,745.58469782488,535.6820929071695,36310.073663401046,1430077.4377013675,Benign
188733,513,713.1015601726458,55.945284567547304,89718.63409646189,1186971.5259518693,DDoS
32024,67,1395.0532973390777,512.1345790625329,16885.420667768612,1791453.4518523458,Benign
71313,117,1261.5387998623753,216.91794920014783,50705.110386544104,1166533.0356260908,Benign
128813,1279,675.5640100910869,474.2495933227382,59811.262936901796,933935.9999272214,DDoS
185078,1449,890.9654669624102,544.1055448827611,3338.3601786381223,680741.4926115253,DDoS
96285,404,1059.6266655245086,184.66335132320967,36369.312475614024,1880897.011472345,Benign
147410,705,97.06796631566363,365.4869159042949,73263.52347008328,165430.923048707,DDoS
114632,565,1258.1439456575838,152.25989025525425,82037.75074489733,1861774.7441216167,DDoS
151580,738,1211.171202164197,41.87110062920665,31316.199481728236,1653429.3198620367,Benign
4051,1375,667.5333319945048,302.7811387886953,79859.32723827513,259859.84907140257,DDoS
180819,922,578.0791842085127,290.3554174767936,96775.58771033888,1129968.715350507,Benign
115692,1070,418.49515605602517,796.3843925634056,85687.39360750941,1733095.9634981737,Benign
88235,1066,693.5137182459973,357.08188095811374,11764.39881593252,1143618.3272143074,Benign
186093,958,109.90849576986965,266.8556395777603,73973.03320855406,1814399.6431212446,Benign
198484,789,1200.4612700184605,464.3800053733397,31966.68324405447,1885967.633632085,DDoS
190407,402,97.82019736503584,71.01391528621477,98841.59894120766,844769.0443686118,Benign
188251,1337,494.21934324932585,769.3325887638506,48535.898315988714,754627.3228126472,Benign
164165,845,1307.6458092306364,507.9680364728265,12243.389835894102,1872642.3079383136,Benign
171806,778,1042.537083606661,603.8702559526782,72518.55480273908,1350280.1222993361,Benign
74523,1078,429.87779677966114,136.38235053913402,32301.119838621384,232045.36269633856,Benign
95476,1255,391.0762768471949,327.5822824041631,99707.81570816616,84583.49844536239,Benign
18019,524,56.86088875433505,338.1512907169516,97978.24578545219,1129258.1019945263,Benign
84613,67,989.2142953471628,657.4451551208695,65613.40180205807,1860341.9308768492,DDoS
87672,753,115.85783525878368,0.989343807527554,12982.644895171758,1688497.4048116368,Benign
74847,1102,769.0134011910288,240.68248668260406,68686.0997675029,1351695.4929286728,Benign
83750,1336,1348.8646629992672,784.9890994754431,9303.04864600272,278231.69778217503,Benign
29251,1294,197.78296107351275,379.9092348049749,2936.415910239232,508462.76749739115,DDoS
104481,125,1257.547906806891,306.0210241952066,82295.84462214861,1751022.4531052322,Benign
113566,165,1388.491702445815,95.86320161411707,20975.294768368134,365614.47331380093,Benign
26945,851,133.04798542296732,779.3317029024124,37902.71262190974,556878.8165008691,Benign
91852,576,1241.9234633355727,16.021084740659575,97345.73899761731,259201.3023908839,DDoS
33217,184,746.7066775988825,589.7441800057945,33684.050186110326,1352216.4628288222,Benign
9308,1275,1273.793521250183,614.8798438308067,29648.978128331528,1887964.6107264191,DDoS
6949,64,821.2805715914251,194.9253728510933,91820.79996227752,537936.063190772,Benign
184062,1457,943.8512136438623,537.2467548904299,11074.844531895811,950813.2157001474,Benign
133222,106,784.101525796489,74.34331550351195,75958.24101146318,1268679.4794224086,DDoS
101235,272,1217.0653884149206,205.6378131456639,98806.5566652774,1998932.4964312613,Benign
75740,148,1040.7783905874974,630.321590633812,90129.60107746489,209616.12999514423,DDoS
117352,1209,753.7014214435601,691.7489536268322,65166.79187064259,997141.5990114183,DDoS
67617,150,1222.0170854695884,486.78913012783306,31406.079499273197,770240.2398050001,DDoS
17896,267,381.13546854470167,405.4707454563861,25432.19811783167,1731640.3304447103,Benign
131798,150,262.4098905984101,127.44321649518425,81925.51048714611,951935.4620233118,DDoS
178247,73,266.54014219559735,50.487226463320134,87982.19139516953,221955.04917029617,Benign
139877,662,500.9119863060711,94.1192227788469,52543.491254569286,1268848.2905731674,DDoS
6237,1432,372.23154225637364,181.88584007687902,24433.994078646614,1541561.2365277596,DDoS
21056,787,1305.6219731881472,273.33960151753666,11294.320841117356,5762.503331229185,DDoS
177615,634,192.8760266685884,304.7276204087898,8717.946783183117,1717913.3708412591,Benign
188628,464,993.6374963534433,277.0574148712028,71907.74473538555,372046.0000113313,Benign
115548,652,305.44907870975794,191.24426575781249,42011.872784772495,1104138.7293067558,Benign
112488,731,1240.2101292399727,407.7793974013585,90535.98742778704,831595.0013749002,DDoS
135415,1345,1347.775639049625,660.2288865863175,73967.13007267637,1439307.6332210607,Benign
145572,1383,678.3845118394778,223.76283077718338,19126.04179145867,742323.2295714837,Benign
185294,354,1236.7464983079776,753.9096152817865,61377.741881569906,1739526.3533634215,DDoS
30375,916,56.945980518864936,698.6693293790782,43550.545439815935,1460992.7219175803,Benign
141734,1440,1156.928338500935,129.4113690816877,57724.97307686131,1295426.342125843,Benign
17964,1352,358.64396805864675,629.0207654056755,73806.91233385171,1592481.1911257086,Benign
114429,701,1276.7467675136465,459.6699058542133,80619.58810037909,1508046.0698567645,Benign
